company_name,contact_name,city,state,phone,email,website,facebook_or_social,services_notes,source,directory_url,directory_status
Ag Drones Northwest,Bill Kuper,Cle Elum,WA,888-696-4581,info@agdronesnorthwest.com,agdronesnorthwest.com,instagram.com/agdronesnorthwest,Part 137 #328G704R drone spraying orchards/vineyards/rangeland/forestry; WA/OR/ID,Google Maps WA | Web,https://agdronedirectory.com/operators/ag-drones-northwest,existing
Black Dog Drone Company,Josh Howard,Loudon,TN,423-337-1567,info@blackdogdroneco.com,blackdogdroneco.com,instagram.com/blackdogdroneco,Founded 2023; crop spraying + field analysis seeding fertilization; XAG & DJI dealer; East/Middle TN,Subagent,https://agdronedirectory.com/operators/black-dog-drone-co,existing
Monarch Drone Solutions,Dakota Crow,Republic,MO,417-293-2769,Dakota@MonarchDrone.com,monarchdrone.com,facebook.com/monarchdrone,Aerial spray & seed services; pasture/invasive treatment; ag drone dealer,Facebook/company site,https://agdronedirectory.com/operators/monarch-drone-solutions,new
Mountain West Drone Services LLC,Grant Mader,Craig,CO,(970) 896-7111,Grant@MountainWestDroneServices.biz,mountainwestdroneservices.biz,facebook.com/Mountain-West-Drone-Services,Drone aerial spraying and seeding rangeland/forest/ROW; Routt Moffat Rio Blanco counties,Subagent,https://agdronedirectory.com/operators/mountain-west-drone-services-llc,new
Nelson Drone Solutions LLC,Chad Nelson,Fairfield,NE,402-326-5811,chad@nelsonbrand.com,nelsondrone.com,facebook.com/profile.php?id=61556691427053,Drone spraying (herbicide/fungicide/pesticide) cover crop seeding pasture mgmt; 11000+ acres; Talos T60x + DJI M4T,44807 grant FAA-2024-0255,https://agdronedirectory.com/operators/nelson-drone-solutions,existing
New Horizons Drone Solutions LLC,Ryan Schmidt,Wray,CO,(970) 630-3682,newhorizonsdronesolutions@gmail.com,newhorizonsdronesolutions.com,facebook.com/New-Horizons-Drone-Solutions-LLC,Aerial drone herbicide/insecticide application; pasture rangeland ROW; weed/grasshopper control,Subagent,https://agdronedirectory.com/operators/new-horizons-drone-solutions-llc,existing
Patriot Drone Services LLC,Billy,Durand,WI,715-495-7554,patriotdroneservices@outlook.com,patriotdroneservicesllc.com,facebook.com/patriotdroneservicesllc,Agricultural drone sales and custom application; ASD network,Google Maps WI,https://agdronedirectory.com/operators/patriot-drone-services-llc,new
Sphex Ag,Barry/Gabriel,Billings,MT,406-697-2315,sphexag@gmail.com,sphexag.com,facebook.com/441622495711850,Precision drone spraying of seed pesticides herbicides fertilizers across Montana,Google,https://agdronedirectory.com/operators/sphex-ag,existing
Wollam Drones,Bob Wollam,Continental,OH,419-596-3896,wollamprecisionair@gmail.com,wollamdrones.com,facebook.com/bob.wollam,Drone fungicide spraying + aerial imaging; DJI ag dealer & repair; family ag business since 1927,Google/company site,https://agdronedirectory.com/operators/wollam-drones,existing
DroneVantage,,Carthage,MO,417-310-7707,info@dronevantage.us,dronevantage.us,facebook.com/DroneVantage.us,Drone spraying spreading mapping; serves MO/KS/OK/AR,Google/company site,https://agdronedirectory.com/operators/dronevantage,new
HawkEye Spray Drone Applications,,Annandale,NJ,908-528-1993,hawkeyespraydrone@gmail.com,hawkeyespraydrone.com,x.com/hawkeyespray,Woman-owned drone-based pesticide/herbicide application golf courses ROW + ag; NJ/NY/PA/VT/RI/MD/DE,PA DCNR list/X,https://agdronedirectory.com/operators/hawkeye-spray-drone-applications,new
Missouri Valley Drone LLC,,Bonnots Mill,MO,(573) 418-7103,missourivalleydrone@gmail.com,movalleydrone.com,facebook.com/missourivalleydrone,DJI Agras custom application + authorized dealer/service,Facebook/site,https://agdronedirectory.com/operators/missouri-valley-drone-llc,existing
Montana Ag Drones,,Townsend,MT,(406) 980-1956,info@mtagdrones.com,mtagdrones.com,instagram.com/mtagdrones,Drone precision spraying/spreading of herbicide pesticide fertilizer + crop health imaging,Google/website,https://agdronedirectory.com/operators/montana-ag-drones,existing
Ohio Drone Aerial Application,,Richwood,OH,937-243-4122,ohiodroneaerialapplication@gmail.com,ohiodroneaerial.com,facebook.com/p/Ohio-Drone-Aerial-Application-61575178835114,Statewide Ohio drone crop spraying (herbicide/pesticide/fertilizer),Google/company site,https://agdronedirectory.com/operators/ohio-drone-aerial-application,existing
TrueNorth Aerial,,Lewiston,ID,208-503-3022,info@truenorth-aerial.com,truenorth-aerial.com,Instagram/Facebook,Veteran-owned; crop spraying multispectral mapping; ID/WA/OR,truenorth-aerial.com,https://agdronedirectory.com/operators/truenorth-aerial,new
A&M Ag Drone Services LLC,Andrew Albers,Minster,OH,419-584-6011,andy@amagridrones.com,amagridrones.com,,Fungicide spraying + interseeding/cover crops; four DJI Agras T30s; ~28000 ac in 2023,Wright State article/company site,https://agdronedirectory.com/operators/a-m-ag-drone-services-llc,new
ABC Drones LLC,Rachel Encinias,Elgin,MN,507-701-1483,abcdronesllc@gmail.com,abcdronesllc.com,,Drone aerial spraying,MN DOT aerial list,https://agdronedirectory.com/operators/abc-drones-llc,existing
Aerial Ag Services LLC,Richard,Corsica,SD,605-469-5022,richard@aerialagservice.com,aerialagservice.com,,DJI Agras T40 drone spraying borders/CRP/pasture/spot spray + mapping,aerialagservice.com,https://agdronedirectory.com/operators/aerial-ag-services-llc,new
Aero Crop Solutions,Ethan Fehr,West Bend,IA,712-358-1639,aerocropsolutions@gmail.com,aerocrop-solutions.com,,Custom spraying/cover crop seeding/granular application + DJI dealer & repair,Company site,https://agdronedirectory.com/operators/aero-crop-solutions,existing
Agro Drone Services LLC,Said,Windsor,CO,(970) 302-6793,said@agrodroneservices.com,agrodroneservices.com,,UAV and ground spraying seeding mowing and custom land services,Google,https://agdronedirectory.com/operators/agro-drone-services-llc,existing
AirStrike Ag,Nathan Stein,Barnum,IA,515-417-7247,nathan@airstrikeag.com,airstrikeag.com,,XAG spray drones; precision/spot mapping and application,Farm Progress/Morning Ag Clips 2025,https://agdronedirectory.com/operators/airstrike-ag,new
Airtech Ag LLC,Chris,Lebanon,PA,717-821-6058,chris@airtechagllc.com,airtechagllc.com,,PA-licensed aerial applicator (BU14933) drone application,PA aerial applicator list,https://agdronedirectory.com/operators/airtech-ag-llc,new
Avest Ltd (PropsUAV),Chance W Parker,Hilltop Lakes,TX,936-444-2869,chance@propsuav.com,propsuav.com,,DJI Agras T40 commercial pesticide/herbicide/fertilizer application,44807 petition FAA-2026-2095,https://agdronedirectory.com/operators/avest-ltd-propsuav,new
Conservation Contracting LLC,Seth Rankin,Greenfield,OH,937-728-4026,Conservationcontracting1@gmail.com,conservationcontracting.com,,Drone invasive species mgmt/pollinator & CRP seeding/timber stand improvement,Midwest Air partners page,https://agdronedirectory.com/operators/conservation-contracting-llc,existing
Dakota Unmanned Aerial LLC,Derek Ver Helst,Brandt,SD,605-641-2479,dverhelst@dakotaunmannedaerial.com,dakotaunmannedaerial.com,,Licensed MN/SD drone aerial spraying,MN DOT aerial list,https://agdronedirectory.com/operators/dakota-unmanned-aerial-llc,new
Fremont County Weed & Pest District,Aaron Foster,Lander,WY,307-332-1052,fcwp@wyoming.com,fcwp.org,,Spray drone since 2023; pesticide treatment private land & state land (indaziflam/Rejuvra),Fremont County WY weed list,https://agdronedirectory.com/operators/fremont-county-weed-pest-district,new
Graham Ag Solutions LLC,Nathan,Rising Sun,MD,717-224-0962,nathan@grahamagsolutions.com,grahamagsolutions.com,,Aerial applicator licensed in PA (BU15140) drone application; MD-based,PA aerial applicator list,https://agdronedirectory.com/operators/graham-ag-solutions-llc,new
GroDrones,Geoff Wilson,Salem,OR,503-213-8323,geoff@grodrones.com,grodrones.com,,Drone herbicide/insecticide/fungicide application + NDVI scouting; vineyards orchards nurseries pasture,Company site,https://agdronedirectory.com/operators/grodrones,new
KnoMo Aerial Solutions,Caylan Hord,Fredericktown,OH,614-395-8146,caylanhord@knomoair.com,knomoair.com,,Spraying (conventional/variable/spot)/cover crop & pasture seeding/scouting,Midwest Air partners page,https://agdronedirectory.com/operators/knomo-air-knomo-llc,existing
Maverick Drone Systems LLC,Adam Shaw,Savage,MN,612-293-8317,adam.shaw@maverickdrone.com,maverickdrone.com,,Drone-systems dealer also listed as aerial spraying operator,MN DOT aerial list,https://agdronedirectory.com/operators/maverick-drone-systems-llc,new
Minnkota Aerial,Andrew Steiner,Hancock,MN,320-288-6107,andrew@minnkotaaerial.com,minnkotaaerial.com,,Unmanned aerial application (ND-licensed),ND Aeronautics 2025 list,https://agdronedirectory.com/operators/minnkota-aerial,existing
Native Resource Preservation LLC,Seth Kaduce,West St Paul,MN,320-413-0015,drone.services@nrp.eco,nrp.eco,,Drone application services,MN DOT aerial list,https://agdronedirectory.com/operators/native-resource-preservation-llc,new
Natural North LLC,Kevin Behrens,Alexandria,MN,218-297-0110,kevin@naturalnorthllc.com,naturalnorthllc.com,,Unmanned (drone) aerial applicator; MN-based ND-licensed,ND Aeronautics 2025 list,https://agdronedirectory.com/operators/natural-north-llc,new
North Texas Aerial Applicators,Tom,Decatur,TX,940-389-6100,tom@northtxaerialapp.com,northtxaerialapp.com,,Custom drone ag spraying/spreading; DJI Agras T50/T100,Subagent,https://agdronedirectory.com/operators/north-texas-aerial-applicators,existing
Sky Apply LLC,Sam Heiderscheidt,Hector,MN,320-848-2745,skyapplymn@gmail.com,skyapplymn.com,,MN-licensed aerial drone spraying,MN DOT aerial list,https://agdronedirectory.com/operators/sky-apply-llc,new
Volitant Technologies LLC,Kevin Knorr,Dunbar,NE,402-713-7270,info@volitant.tech,volitantdrones.com,,FAA Part 137 custom drone spray & seed + DJI Agras dealer; NE/SD/TN,AgWeek article,https://agdronedirectory.com/operators/volitant-technologies,existing
Wiseman Drone Solutions,Wiseman family,Greensburg,IN,812-593-2938,wisemanfamilyfarms@gmail.com,wisemanfarming.com/drone-spraying,,Drone application of fungicides pesticides fertilizers,Google/company site,https://agdronedirectory.com/operators/wiseman-drone-solutions,new
WorkerBz LLC,Reggie Hetsler,Elyria,OH,440-220-5612,reggie@workerbz.com,workerbz.com,,Custom drone application + cover crop application/mapping/imaging,Midwest Air partners page,https://agdronedirectory.com/operators/workerbz-llc,new
Ag Aerial Precise Solutions (Ag Aerial LLC),Joseph Hunter,,NC,252-775-9030,joseph.hunter@ag-aerial.com,ag-aerial.com,,Eastern NC drone application spreading & mapping; row crops; est 2021,Subagent,https://agdronedirectory.com/operators/ag-aerial-precise-solutions-ag-aerial-llc,new
AgriDrone Solutions,,Billings,MT,406-702-2637,info@agridronesolutions406.com,agridronesolutions406.com,,Commercial ag drone spraying fungicide pesticide herbicide fertilizer + over-seeding/cover-crop spreading,Google,https://agdronedirectory.com/operators/agridrone-solutions,existing
AgriFlight LLC,,Northeastern Wisconsin,WI,(920) 740-1305,info@agriflightllc.com,agriflightllc.com,,Precision drone spraying fungicide/pesticide + cover crop overseeding; XAG P100 Pro (~70 ac/hr),Subagent,https://agdronedirectory.com/operators/agriflight-llc,new
Drone Sprout LLC,,Raeford,NC,910-248-9497,info@dronesprout.org,dronesprout.org,,Aerial spray (herbicide/fungicide/pesticide) seeding/overseed survey/mapping,44807 petition FAA-2024-2724,https://agdronedirectory.com/operators/drone-sprout-nc,existing
FlyBy Ag,,Statewide Utah,UT,541-829-2970,Flybyag@gmail.com,flybyagdrone.com,,Drone spraying ~$18/acre standard; custom/specialty crop and golf course,Subagent,https://agdronedirectory.com/operators/flyby-ag,existing
SkyFarms Drone Solutions LLC,,Lakeville,OH,330-600-1733,SkyFarmsAg@outlook.com,skyfarmsohio.com,,Custom fungicide/pesticide/herbicide drone spraying + cover-crop seeding,Google/company site,https://agdronedirectory.com/operators/skyfarms-drone-solutions-llc,new
Mid-Mo Ag Drone Services,,Sedalia,MO,660-221-9379,midmoagdrones@gmail.com,,facebook.com/people/Mid-Mo-Ag-Drone-Services/61557477721743,Drone ag application for Missouri farmers/landowners,Facebook,https://agdronedirectory.com/operators/mid-mo-ag-drone-services,new
Ag-Wing Precision LLC,Vern Allred,Roosevelt,UT,435-823-7644,allredve@gmail.com,,,UAS spraying weed control/pest mgmt; DJI Agras T50,44807 petition FAA-2026-2444,https://agdronedirectory.com/operators/ag-wing-precision-llc,new
Agri Drone Services LLC,Landon Knowles,Uvalda,GA,912-293-2297,ljknowles10@gmail.com,,,Ag spray; DJI Agras,44807 petition FAA-2026-3071,https://agdronedirectory.com/operators/agri-drone-services-llc,new
Austin Drone Solutions LLC,Tucker Austin,Yakima,WA,(509) 985-7997,austindronesolutions@gmail.com,,,DJI Agras T50 agricultural spraying,44807 petition FAA-2025-5407,https://agdronedirectory.com/operators/austin-drone-solutions,existing
Central WA Land Restoration Services LLC,Cade Wandling,Mabton,WA,509-781-2057,cjcwandling@gmail.com,,,Drone spray seed survey; noxious weed control,Yakima County WA list,https://agdronedirectory.com/operators/central-wa-land-restoration-services-llc,new
Corn Belt Ag LLC,Eldon Martin,Columbiana,OH,330-277-6687,eldonmartin@rocketmail.com,,,Drone spraying; Brandt micronutrient sales & application,Midwest Air partners page,https://agdronedirectory.com/operators/corn-belt-ag-llc,new
Diamond Drone Dudes LLC,Dillon Gratz,Atwater,MN,320-444-2107,dillon.gratz@gmail.com,,,MN-licensed drone aerial spraying,MN DOT aerial list,https://agdronedirectory.com/operators/diamond-drone-dudes-llc,new
Drone Zone Spray Service,Michael Veer,Devils Lake,ND,701-381-9707,mveer@gondtc.com,,,Unmanned (drone) aerial applicator,ND Aeronautics 2025 list,https://agdronedirectory.com/operators/drone-zone-spray-service,new
Elevation Ag,Ben Helmuth,Plain City,OH,614-857-5270,helmuthben@gmail.com,,,Drone fungicide spraying + cover crop spreading,Midwest Air partners page,https://agdronedirectory.com/operators/elevation-ag,new
Eri-lyn Farms Inc.,Nate Vock,McDermott,OH,815-441-2953,Natevock@yahoo.com,,,Drone fungicide spraying + spot spraying,Midwest Air partners page,https://agdronedirectory.com/operators/eri-lyn-farms-inc,new
Falcon Ag Drone Solutions,Todd R Woods,Perry,OK,580-370-1033,agrowoodsfarms@gmail.com,,,DJI Agras T50 agricultural spraying,44807 petition FAA-2025-5383,https://agdronedirectory.com/operators/falcon-ag-drone-solutions,new
Farm-I-Tude,Jamie Seedorf,Mandan,ND,701-498-0138,jamieseedorf737@gmail.com,,,Unmanned (drone) aerial applicator,ND Aeronautics 2025 list,https://agdronedirectory.com/operators/farm-i-tude,new
Froemke Aerial Solutions,Steven Froemke,Lisbon,ND,701-680-0564,info@froemkeas.com,,,Unmanned aerial applicator,ND Aeronautics 2026 list,https://agdronedirectory.com/operators/froemke-aerial-solutions,new
Highline Ag Solutions LLC,J.D. High,Gettysburg,PA,717-321-0257,jdhigh99@gmail.com,,,PA-licensed aerial applicator (BU13742) drone application,PA aerial applicator list,https://agdronedirectory.com/operators/highline-ag-solutions-llc,new
Horizon Crop Care LLC,Jason,New Bloomfield,PA,717-333-1992,jason.horizoncrop@gmail.com,,,PA-licensed aerial applicator (BU14843) drone crop care,PA aerial applicator list,https://agdronedirectory.com/operators/horizon-crop-care-llc,new
Liberty Blades LLC,Cody Amdahl,Flandreau,SD,605-864-1112,libertyblades7@gmail.com,,,Aerial spraying operator (verify drone vs fixed-wing),MN DOT aerial list,https://agdronedirectory.com/operators/liberty-blades-llc,new
Luhmann Drone Applications LLC,John Luhmann,Rushford,MN,507-450-9001,john.luhmann.LDA@outlook.com,,,MN-licensed drone aerial spraying,MN DOT aerial list,https://agdronedirectory.com/operators/luhmann-drone-applications-llc,new
Master of None LLC,Shawn Steinberger,Williston,ND,701-580-5664,shawnpsteinberger@gmail.com,,,Unmanned (drone) aerial applicator,ND Aeronautics 2025 list,https://agdronedirectory.com/operators/master-of-none-llc,new
Meyer Drone Services LLC,Samuel Meyer,Mapleton,ND,701-609-6788,samuel.meyer02@gmail.com,,,Unmanned (drone) aerial applicator,ND Aeronautics 2025 list,https://agdronedirectory.com/operators/meyer-drone-services-llc,new
MW Drone Applicators,Riley Fandrich,Wishek,ND,701-731-0154,mw.droneapplicators@gmail.com,,,Unmanned (drone) aerial applicator,ND Aeronautics 2025 list,https://agdronedirectory.com/operators/mw-drone-applicators,new
Northern Expanse Aerial,Scott Robertson,Bottineau,ND,701-228-4205,northernexpanseaerial@gmail.com,,,Unmanned (drone) aerial applicator,ND Aeronautics 2025 list,https://agdronedirectory.com/operators/northern-expanse-aerial,new
Over the Crop Top Inc,Logan Marshall,Cynthiana,KY,502-603-9864,Ottcustomappinc@outlook.com,,,Fungicide/insecticide on corn/soybean/tobacco; cover crop seeding,Midwest Air partners page,https://agdronedirectory.com/operators/over-the-crop-top-inc,new
Persing Drone Spraying,Nick Persing,Wheaton,MN,320-760-9417,nmpersing@hotmail.com,,,Unmanned (drone) aerial applicator; MN-based ND-licensed,ND Aeronautics 2025 list,https://agdronedirectory.com/operators/persing-drone-spraying,new
Riverside Air LLC,Shane Fiechter,Decatur,IN,260-452-0741,riversideairllc@gmail.com,,,Custom herbicide/fungicide drone application + aerial imaging,Midwest Air partners page,https://agdronedirectory.com/operators/riverside-air-llc,new
Schultz Drone Services LLC,Chris Schultz,Wykoff,MN,507-272-5223,schultz.chris@rocketmail.com,,,MN-licensed drone aerial spraying,MN DOT aerial list,https://agdronedirectory.com/operators/schultz-drone-services-llc,new
Spot On Aerial Applicators,Randy Miller,Lemmon,SD,605-645-2586,ranchefarm@sdplains.com,,,Unmanned (drone) aerial applicator; ND-licensed,ND Aeronautics 2025 list,https://agdronedirectory.com/operators/spot-on-aerial-applicators,new
Sundre Sand & Gravel Inc,Sheldon Hill,Minot,ND,701-720-2801,sheldon@sundregravel.com,,,Unmanned (drone) aerial applicator,ND Aeronautics 2025 list,https://agdronedirectory.com/operators/sundre-sand-gravel-inc,new
Thad Grimsrud,Thad Grimsrud,Brookings,SD,605-695-5600,thadgrimsrud@gmail.com,,,Unmanned (drone) aerial applicator,ND Aeronautics 2025 list,https://agdronedirectory.com/operators/thad-grimsrud,new
Walkers Lawn Care,Ryan Walker,Hillsboro,ND,218-779-2744,walkerslawncare@hotmail.com,,,Unmanned aerial application,ND Aeronautics 2025 list,https://agdronedirectory.com/operators/walkers-lawn-care,new
Wilde Air Service LLC,Isaac Wilde,Volga,SD,605-860-8692,wildeairservice@gmail.com,,,Aerial spraying operator (verify drone vs fixed-wing),MN DOT aerial list,https://agdronedirectory.com/operators/wilde-air-service-llc,new
Dane Mueller,Dane Mueller,,ND,701-789-1305,dmueller1305@gmail.com,,,Unmanned (drone) aerial applicator,ND Aeronautics 2025 list,https://agdronedirectory.com/operators/dane-mueller,new
Precision Spraying LLC,Alex Menard,Mooers,NY,,Atmenard0205@gmail.com,,,Sole-prop LLC DJI Agras T40 commercial ag spraying; NYSDEC Cat 11; 44807 petition,regulations.gov,https://agdronedirectory.com/operators/precision-spraying-llc,new
Buchheit Drone Service LLC,Riley Buchheit,Protivin,IA,563-334-0328,,buchheitdroneservice.com,facebook.com/profile.php?id=61566500652960,Precision spray-drone services for farmland & pasture; EAVision J150/J70 subdealer,44807 petition FAA-2024-2354,https://agdronedirectory.com/operators/buchheit-drone-service-llc,new
Macon Ridge Specialty Drone Services,Kam Harper,Winnsboro,LA,318-434-2943,,maconridgesds.com,facebook.com/p/Macon-Ridge-Specialty-Drone-Services-100088637960270,N Louisiana ag drone precision spraying (90% herbicide) drone sales/service,Subagent/Delta FP,https://agdronedirectory.com/operators/macon-ridge-specialty-drone-services,new
Prairie Queen Ag LLC,Shelby Neill,Monroe City,MO,573-822-5977,,prairiequeenag.com,facebook.com/PQAgDrone,Commercial drone spray & seeding; Pioneer Seed & DJI Agras dealer,Google/company site,https://agdronedirectory.com/operators/prairie-queen-ag-llc,new
Teton County Weed & Pest District,Mark Daluge,Jackson,WY,307-733-8419,,tcweed.org,facebook.com/TetonWeedPest22,UAS/drone herbicide treatments on dense hillside infestations; cheatgrass mitigation,Teton County WY weed list,https://agdronedirectory.com/operators/teton-county-weed-pest-district,new
Ag Drone Works,Jim Adams,Rowland,NC,910-422-2000,,agdroneworks.com,,Ag drone sales/service + custom spraying; 645 Adams Rd Rowland NC; East Coast region,Subagent,https://agdronedirectory.com/operators/ag-drone-works,new
Crop Air LLC,Neil Wicke,Eaton,CO,(970) 454-2939,,cropairco.com,,Aerial application chemicals fertilizers and seeds with both airplanes and drones; CO WY NE KS,Subagent,https://agdronedirectory.com/operators/crop-air-llc,existing
Goshen County Weed & Pest District,Jenna Meeks,Torrington,WY,307-532-3713,,goshenweedandpest.com,,County weed/pest spraying district; part of WY drone-program network,Goshen County WY weed list,https://agdronedirectory.com/operators/goshen-county-weed-pest-district,new
Knox Farmers Cooperative,Lewis Jones,Knoxville,TN,865-922-2115,,ourcoop.com,,Two DJI Agras T40; drone spray/spread service East TN; corn fungicide clover seeding fruit/specialty,Our Co-op,https://agdronedirectory.com/operators/knox-farmers-cooperative,new
Osprey Drone Services,Sean Burnette,Pleasureville,KY,502-229-8200,,osprey-drones.com,,Drone crop spraying aerial seeding pasture/vineyard; KY & VA; DJI Agras/EAVision,Google Maps KY,https://agdronedirectory.com/operators/osprey-drone-services,new
Southern Drone Ops,Jonathan Cottingham,Jonesboro,AR,870-530-9610,,southerndroneops.com,,Spray drone application specialty crops aquatics ROW forestry orchards,Google/Farm Progress,https://agdronedirectory.com/operators/southern-drone-ops,existing
Sublette County Weed & Pest District,Lars Anderson,Pinedale,WY,307-367-4728,,wyoweed.org,,Hylio AG-130 drone herbicide spraying for invasive weeds; launched 2023,Sublette County WY weed list,https://agdronedirectory.com/operators/sublette-county-weed-pest-district,new
Texas Country Farm Supply,Jonathan George,Pittsburg,TX,903-204-5351,,texascountryfarmsupply.com/pages/drone-spraying,,Aerial application herbicides fungicides seed fertilizer; DJI Agras T40,Google,https://agdronedirectory.com/operators/texas-country-farm-supply,existing
Top Down Drone Services,Jonah Schmidt,Aberdeen,SD,605-999-5911,,topdowndroneservice.com,,Custom spray drone application across South Dakota,topdowndroneservice.com,https://agdronedirectory.com/operators/top-down-drone-services,new
Atlas Ag,,Northern Nevada,NV,(775) 690-xxxx,,atlasaguavs.com,,Crop and pasture spraying seeding granular spreading thermal imaging aerial surveying,Google/site,https://agdronedirectory.com/operators/atlas-ag,new
Cover Crop Innovations,,Concord,MA,978-430-0415,,covercropinnovations.com,,Drone cover crop seeding into standing cash crops across New England,Google,https://agdronedirectory.com/operators/cover-crop-innovations,existing
Huron County Drone Services LLC,,Kinde,MI,(989) 550-4937,,hcdroneservices.com,,HSE-UAV partner; ag spray & seeding drones + service; Thumb region,Company site,https://agdronedirectory.com/operators/huron-county-drone-services-llc,existing
Nimbus Ag Drone,,Salina/Richfield,UT,435-227-5425,,nimbusagdrone.com,,Drone spraying herbicide insecticide fungicide foliar nutrients on alfalfa row crops pasture rangeland orchards,Google,https://agdronedirectory.com/operators/nimbus-ag-drone,new
Raven 6 Rising,,Madison,MS,901-481-7313,,raven6rising.com,,Ag drone spraying/seeding (liquid & granular fertilizer fungicide insecticide herbicide cover crops),Google,https://agdronedirectory.com/operators/raven-6-rising,existing
Airoterra,,,WA,509-426-5222,,airoterra.com,,Drone herbicide/fungicide/fertilizer WA/OR/ID,operator site,https://agdronedirectory.com/operators/airoterra-llc,existing
Dickens Ag Drone LLC,Jeff Dickens,Jonesboro,AR,605-929-8786,,,x.com/DickensAg,Rice-focused drone spraying 1500+ ac/95% rice; Rantizo Regional Lead AR/MO/TN,Rantizo blog/Delta FP,https://agdronedirectory.com/operators/dickens-ag-drone,existing
Rize Drone Services,Dustin Polasek,Loveland,CO,970-313-8012,,,facebook.com/rizedroneuav,UAV applicator on Weld County applicator list,Weld County list,https://agdronedirectory.com/operators/rize-drone-services-llc,existing
Downcast Ag,Zachary Smith,Steamboat Rock,IA,641-858-7447,,,,Drone fungicide spraying + cover crop seeding; DJI Agras T50; rate $12/acre,Times Citizen news,https://agdronedirectory.com/operators/downcast-ag,new
Farmers Choice LLC,Scott Robertson,Minot,ND,701-818-2899,,,,Unmanned aerial drone application,ND Aeronautics 2025 list,https://agdronedirectory.com/operators/farmers-choice,existing
Maverick Drone Services,Jay Stewart,Mogadore,OH,330-351-2514,,,,Custom drone spraying & spreading; deer recovery,Midwest Air partners page,https://agdronedirectory.com/operators/maverick-drone-services,new
Albertson Drone Service LLC,Kyle Albertson,Fowler,IN,,,albertsondroneservice.com,facebook.com/albertsondroneservice,Crop health mapping pesticide spraying insect control; DJI Agras T40/T10; first licensed IN drone contractor,DroneXL/Purdue | Google Maps IN,https://agdronedirectory.com/operators/albertson-drone-service-llc,existing
Big Horn County Weed & Pest District,Cliff Winters,Greybull,WY,,,bhcweed.com,facebook.com/bhcwp,Drone spraying for invasive annual grasses (ventenata/medusahead),Big Horn County WY weed list,https://agdronedirectory.com/operators/big-horn-county-weed-pest-district,new
Heartland Sky,Isaiah Borgos,Marshalltown,IA,,,heartlandsky.com,linkedin.com/in/isaiah-borgos-3bb681220,Drone fungicide spraying; three 80-lb drones each 10.5 gal; trailer tank up to 1025 gal,Times Republican/WeAreIowa,https://agdronedirectory.com/operators/heartland-sky,new
San Luis Valley Commercial Drone Services LLC,Zachary Velasquez,Alamosa area,CO,,,slvcds.com,facebook.com/slvcds,Precision agriculture drone services incl. application; mapping/imagery,Google,https://agdronedirectory.com/operators/san-luis-valley-commercial-drone-services-llc,new
Wyoming Drone Spraying LLC,Todd Wurth,Lander,WY,,,wyomingdronespraying.com,linkedin.com/in/todd-wurth-98023a3,Precision aerial spraying weeds/pesticide on ranch/irrigated; FAA Part 137; 30-gal tanks,Subagent,https://agdronedirectory.com/operators/wyoming-drone-spraying-llc,existing
CNY Drone Services,,Herkimer/Utica,NY,,,cnydroneservices.com,facebook.com/CNYDroneServices,Aerial application pesticide and seed; spongy moth invasive species ag spraying NYS,Google/Facebook,https://agdronedirectory.com/operators/cny-drone-services,existing
Piedmont Drone Services LLC,,Albemarle,NC,,,piedmontdroneservices.com,facebook.com/PiedmontDroneServicesLLC,NC aerial solutions; verify ag spraying vs mapping,Subagent,https://agdronedirectory.com/operators/piedmont-drone-services-llc,new
Aero AG (SC),Caleb Cannon,Hodgenville,KY,,,aeroagsc.com,,Kentucky's first licensed drone aerial application business; founded fall 2021; statewide,Company site | Google/aeroag.us,https://agdronedirectory.com/operators/aero-ag-sc,new
AerSol,Brandon Hatle,Rapid City,SD,,,aersol.com,,Spray drones (XAG P100 Pro/P150) for ag in Black Hills; co-MM Tim Brown,Elevate Rapid City 2025,https://agdronedirectory.com/operators/aersol,new
Agri Spray Drone Service (Twin Falls),Braxton Christensen,Twin Falls,ID,,,thespraydrone.com,,DJI Agras T50 drone spraying + cover crop seeding; up to 50 ac/hr Magic Valley,KMVT,https://agdronedirectory.com/operators/agri-spray-drone-services-llc,existing
Alair Ag Drones,Alex McRae,Caldwell,ID,,,alairdrones.com,,EA Vision spray drone; crop spraying + dry seed/fertilizer/cover crops,alairdrones.com,https://agdronedirectory.com/operators/alair-ag-drones,existing
Altitude Agri Services,Kurt,Richland,WA,,,altitudeagriservices.com,,Drone spray liquid/dry interseed cover crops beneficial insects; orchards/berries/vineyards; WA/OR,Google Maps WA,https://agdronedirectory.com/operators/altitude-agri-services,existing
Colorado Drone Works LLC,Tyler Jole/Trenton Tornes,Silt,CO,,,coloradodw.com,,Agricultural drone spraying pesticide/herbicide + seeding with DJI Agras T50,Google,https://agdronedirectory.com/operators/colorado-drone-works-llc,existing
Fly The Farm Drone Services,Christian/Jay Franklin,Canandaigua,NY,,,flythefarmdrones.com,,Precision agricultural drone spraying western NY; Part 107 + Part 137,Web,https://agdronedirectory.com/operators/fly-the-farm,existing
Flying Acres LLC,Bryan & Kaitlynn Hammis,Central Michigan,MI,,,flyingacresllc.com,,Full-service drone application: spraying spreading interseeding; orchards vineyards hops food plots,Company site,https://agdronedirectory.com/operators/flying-acres-llc,existing
Ground Level Aerial Ag,Thomas,Lubbock,TX,,,groundlevelaerialag.com,,Precision drone spraying custom spreading aerial imaging field mapping,Google,https://agdronedirectory.com/operators/ground-level-aerial-ag,new
Harris Precision Solutions,John & Louie Harris,Auburn,AL,,,harrisprecisionsolutions.com,,FAA Part 137; drone herbicide spraying forestry/pasture/invasives; dry fertilizer & seed spreading,Google,https://agdronedirectory.com/operators/harris-precision-solutions,existing
Kuhn's Aerial Applications LLC,Nicholas Kuhn,West Union,WV,,,kaa-llc.com,,Spray drone services ~90% pasture/brush; demo w/ WVU Doddridge Co Extension,WBOY/WVU Extension,https://agdronedirectory.com/operators/kuhns-aerial-applications,existing
Martens Ag Services LLC,Randy Martens,Nebraska City,NE,,,martensagservices.com,,Aerial spraying & spreading; DJI Agras T40; fungicide/insecticide/herbicide/cover crop,Web,https://agdronedirectory.com/operators/martens-ag-services,existing
Pratum Co-op (Ag Services drone program),Chris Kaiser; Lane Marsh,Salem,OR,,,pratumcoop.com,,Co-op drone division; XAG P150 (18.5-gal); treated ~19000 acres OR 2023-24; blueberries hazelnuts grass seed,West Coast Nut,https://agdronedirectory.com/operators/pratum-co-op-ag-services-drone-program,new
South Alabama Drone Services,,,AL,,,southalabamadroneservices.com,facebook.com/southalabamadroneservices,DJI Agras T100 spray fleet; founded 2023; spraying sales repairs,Google/Facebook,https://agdronedirectory.com/operators/south-alabama-drone-services,existing
Texas Agridrone Services LLC,Curtis Schramm,Gonzales,TX,,,txagridronesvs.com,,Herbicide/brush spraying (mesquite huisache prickly pear); XAG P150; FAA Part 137 + 44807,Google/openPR,https://agdronedirectory.com/operators/texas-agridrone-services,existing
The Spray Drone (Agri Spray Drone Services),Braxton Christensen,Twin Falls,ID,,,thespraydrone.com,,Veteran-owned ag drone spraying/cover crop seeding/fertilizer; S Idaho; USDOT 4398523,Company site/KMVT,https://agdronedirectory.com/operators/agri-spray-drone-services-llc,existing
UAV Ag Solutions,Nicholas & Brandon Steed,Oakdale,CA,,,uav-agsolutions.com,,Drone aerial application of pesticides/fertilizers; walnuts almonds alfalfa field corn,Imperial Valley Press,https://agdronedirectory.com/operators/uav-ag-solutions,new
USAR Drone Team - Agra Spray Team,Michael Parziale,Manasquan,NJ,,,usardroneteam.org/agra-spray-team,,Veteran nonprofit agricultural drone spray (liquid + granular); DJI Agras T10/T30/T40,Google,https://agdronedirectory.com/operators/usar-drone-team,existing
Venture Ag Drones,Scott Houdek & Angel Zarda,Antigo,WI,,,ventureagdrones.com,,DJI Agras T100 + two T50s; fungicide/herbicide/insecticide foliar fertilizer cover crop seeding; potatoes corn,Company site,https://agdronedirectory.com/operators/venture-ag-drones,existing
Vortex Ag LLC,Alex Pohlen,Minneota,MN,,,vortexagllc.com,,Drone spraying livestock yards/farm sites/fence lines + ditch spraying; MN & SD; founded 2024,Google Maps MN,https://agdronedirectory.com/operators/vortex-ag-llc,new
Active Intelligence (Maine Drone & LiDAR),Tim & Tom,,ME,,,activeintelligence.ai,,NE drone ag service spraying/fertilizing/seeding (DJI Agras T40 up to 50 ac/hr); browntail moth lime/sulfur,Google,https://agdronedirectory.com/operators/active-intelligence,existing
AgriFlyer,Amber Wilkinson,,GA,,,agriflyer.com,,FAA Part 137 + GA Pesticide Contractor; drone spraying cotton peanuts corn soybeans forestry; GA+MS,Google/site,https://agdronedirectory.com/operators/agriflyer,new
Carolina Agri Drones LLC,Jacob Giddens,,NC,,,carolinaagridrones.com,,Aerial application & spray drone support; NC SC VA,Google Maps NC | Web,https://agdronedirectory.com/operators/carolina-agri-drones,existing
Panhandle Agri-Tech,Tyler,,TX,,,panhandleagritech.com,,Ag spray drone service & sales (EAVision J70/J150) in TX Panhandle,Subagent,https://agdronedirectory.com/operators/panhandle-agri-tech,new
Top Crop AgriDrones,Jeffrey Kitten & Kyle Vosen,,TX,,,topcropagridrones.com,,Aerial drone spray West Texas; DJI Agras T40; Mavic 3M mapping,Google,https://agdronedirectory.com/operators/top-crop-agridrones,existing
Vortex Advantage AG LLC,Jnani Matson,,TX,,,vortexag.com,,Aerial drone spray application (fungicide herbicide insecticide fertilizer granular cover crop); EA Vision J150,Google,https://agdronedirectory.com/operators/vortex-advantage-ag,existing
19th UAS Precision,,Sandusky,OH,,,19thuasprecision.com,,Custom drone spraying interseeding mapping; DJI Agras/Enterprise dealer,Google Maps OH,https://agdronedirectory.com/operators/19th-uas-precision-llc,existing
Aerial Mission LLC,,Michigan,MI,,,aerialmissionllc.com,,Drone spray application (agriculture commercial residential) + aerial photography/3D modeling,Company site,https://agdronedirectory.com/operators/aerial-mission-llc,new
Ag Above The Line,,Holdrege area,NE,,,agabovetheline.com,,Authorized Agri Spray Drones dealer; DJI Agras T40 custom drone spray + cover crop seeding,NE PSC business plan,https://agdronedirectory.com/operators/ag-above-the-line,new
AG Aerial Solutions LLC,,Rock County,WI,,,agaerialsolutions.com,,Drone spraying of pesticides fertilizers and seeds; full-field or targeted,Subagent,https://agdronedirectory.com/operators/ag-aerial-solutions-llc,new
AG Drones NJ,,Burlington County,NJ,,,agdronesnj.com,,FAA Part 137 drone crop spraying 3D mapping NDVI cover crop seeding; blueberry/tomato farms,Google,https://agdronedirectory.com/operators/ag-drones-nj,new
Agricultural Spraying Solutions Hawaii,,Maui,HI,,,agsolutionshawaii.com,,Professional drone spraying services for Maui farmers; DJI Agras T50 & T40,Company site,https://agdronedirectory.com/operators/agricultural-spraying-solutions-hawaii,existing
Aim High Drone Services LLC,,Lagrange,IN,,,aimhighds.com,,Drone liquid applications IN MI OH; $12/acre; multispectral imagery; variable rate,Web | aimhighds.com,https://agdronedirectory.com/operators/aim-high-drone-services-llc,existing
Air Crop,,Wisconsin,WI,,,aircropwi.com,,Drone fungicide & cover crop application; grain dairy potato cranberry,Company site,https://agdronedirectory.com/operators/air-crop,new
Aloha Aina Drone Company,,Oahu,HI,,,alohaainadrones.com,,FAA + Hawaii Dept of Ag licensed commercial drone aerial application; ~5 gal/50 lb payload 100+ ac/day,Company site,https://agdronedirectory.com/operators/aloha-aina-drones,existing
Altitude Drone Innovations,,Hernando,MS,,,adidroneservices.com,,Drone agricultural spraying with on-site mixing trailer; Delta row crops,Google,https://agdronedirectory.com/operators/altitude-drone-innovations-ms,existing
Aquiline Drones,,Hartford,CT,,,aquilinedrones.com,,Agricultural drone spraying services; AD command/control platform,ensun directory,https://agdronedirectory.com/operators/aquiline-drones,new
Bighorn Flying Company,,Sheridan,WY,,,bighornflying.com,,Aerial application (manned + unmanned/drone); WY and MT ranchers/farmers,Google,https://agdronedirectory.com/operators/bighorn-flying-company,new
Cowboy Country Drone Service LLC,,Northern Wyoming,WY,,,cowboycountrydrone.com,,Drone weed/pest control on ranch pasture; XAG P100 Pro; herbicide pesticide cover crop seeding,Google,https://agdronedirectory.com/operators/cowboy-country-drone-service-llc,existing
CropGuard Aero Drones,,Overland Park,KS,,,cropguarddrones.com,,Drone crop spraying/dusting surveying; serves KS & MO,Google Maps KS,https://agdronedirectory.com/operators/cropguard-aero-drones,existing
Drone Co. LLC,,Jonesboro,AR,,,dronecollc.net,,Drone vegetation mgmt and fungicide agricultural spraying for NE Arkansas,Google,https://agdronedirectory.com/operators/drone-co-llc,existing
Farmbotics Air,,Southwest Michigan,MI,,,farmboticsair.com,,Drone crop spraying systems & services + pest/crop/thermal mapping; MDARD PABL #110080,Company site,https://agdronedirectory.com/operators/farmbotics-air,existing
Final Drones,,Bethlehem,PA,,,finaldrones.com,,Drone aerial spraying pesticides/herbicides/fertilizers; farms orchards turfgrass golf; Lehigh Valley,Google,https://agdronedirectory.com/operators/final-drones,new
Flit Drone Services,,Dedham,ME,,,flitdroneservices.com,,Drone browntail moth pesticide application + nest removal,Google,https://agdronedirectory.com/operators/flit-drone-services,existing
Glass Tree Care & Spray Service,,Eugene,OR,,,glasstreecare.com,,Custom aerial drone pesticide application; filbert/fruit/seed orchards berry vineyards hop fields forestry,Company site,https://agdronedirectory.com/operators/glass-tree-care-and-spray-service,existing
Guardian Drone Solutions LLC,,Western NY,NY,,,guardiandronesolutions.com,,Veteran-owned agricultural crop spraying; precision spray for corn/soybeans/orchards/specialty,Google,https://agdronedirectory.com/operators/guardian-drone-solutions-llc,new
Harvest Drone,,Menahga,MN,,,goharvestdrone.com,,Drone aerial application bio-product; frost seeding alfalfa/clover/cover crops; Sound Ag dealer,Company site,https://agdronedirectory.com/operators/harvest-drone,existing
Hetrick Ag Solutions,,East Central Illinois,IL,,,hetrickag.com,,Drone fungicide spraying serving East Central IL & Western IN,Company site,https://agdronedirectory.com/operators/hetrick-ag-solutions,new
Higher Ground Aerial Land and Wildlife,,Dallas,TX,,,highergroundlm.com,,FAA-licensed spray drone vegetation control TX & OK; mesquite/prickly pear aquatic ROW,Google,https://agdronedirectory.com/operators/higher-ground-aerial-land-and-wildlife,new
Hinterland Drones,,Auburn,AL,,,hinterlanddrones.com,,Crop-spraying drones pesticide/herbicide/fertilizer soil sampling aerial mapping,Google,https://agdronedirectory.com/operators/hinterland-drones,existing
Ignition Land Services,,Lubbock,TX,,,ignitionlandservices.com,,Drone herbicide application custom fertilizer precision seeding; XAG drones,Google,https://agdronedirectory.com/operators/ignition-land-services,existing
Inland Empire Drone Services,,Medical Lake,WA,,,iedrones.us,,Drone aerial spraying/spreading seed/fertilizer/cover crops; orchards/row crops/vineyards,Google Maps WA,https://agdronedirectory.com/operators/inland-empire-drone-services,existing
Kingdom Crop Spraying & Services,,Frisco,TX,,,kingdomcropspraying.com,,Drone crop/pasture spraying; DJI Agras T50; coaching/sales,Google,https://agdronedirectory.com/operators/kingdom-crop-spraying,existing
LAAR LLC,,Champaign,IL,,,laarllc.com,,DJI Agras T50 drone spraying herbicide/fungicide/insecticide; Part 137/44807; 75-mi radius,Google Maps IL | Web,https://agdronedirectory.com/operators/laar-llc,existing
Michigan Agricultural Commodities (MAC),,multiple MI locations,MI,,,michag.com,,Ag retailer/cooperative with licensed drone services division; U-PASS state rep,Company site,https://agdronedirectory.com/operators/michigan-agricultural-commodities-mac,new
Midwest Aerial Applicators,,Indianapolis,IN,,,midwestaerialapplicators.com,,DJI Agras T-50; spray/seeding/mapping; capable of 700-1000 acres/day,midwestaerialapplicators.com,https://agdronedirectory.com/operators/midwest-aerial-applicators,existing
Midwest Drones LLC,,Ohio,OH,,,midwestdrones.com,,Precision aerial application for tight spray windows + crop data/mapping; veteran-owned,Company site,https://agdronedirectory.com/operators/midwest-drones-llc,existing
Mo Agri Drone Services LLC,,Kansas City area,MO,,,moagridrone.com,,Drone crop spraying + multispectral crop analysis insurance claims,Google Maps MO,https://agdronedirectory.com/operators/mo-agri-drone-services,existing
NW Missouri Precision Spraying,,Winston,MO,,,nwmissouriprecisionspraying.com,,Pest control/seed spreading/fertilizer application via ag drones,Google Maps MO,https://agdronedirectory.com/operators/nw-missouri-precision-spraying,new
Precision Aerial Application LLC,,Harrisburg,OR,,,paanw.com,,Drone spraying & spreading; serves all of Oregon,Company site,https://agdronedirectory.com/operators/precision-aerial-application,existing
Precision Drone Services,,Thumb area,MI,,,precisiondronellc.net,,4th-gen farm family; DJI Agras T40/T50; precision spraying fungicide/herbicide/fertilizer; orchards & row crops; statewide MI,44807 petition FAA-2026-2385 | Company site,https://agdronedirectory.com/operators/precision-drone-llc,existing
Precision Spray Co,,Phoenix,AZ,,,precisionspray.co,,FAA Part 137 drone spray services for cotton alfalfa citrus melons row crops + solar/mining/golf; Talos 60X + DJI Agras T100,Google,https://agdronedirectory.com/operators/precision-spray-co,new
Pro Ag Solutions LLC,,Bismarck,ND,,,proagsolutionsllc.com,,Certified T-30 drone custom spraying & seeding; Rantizo contractor ND/SD/MN,Google Maps ND | Web,https://agdronedirectory.com/operators/pro-ag-solutions,existing
Pyro Ag Services LLC,,Philip,SD,,,pyroagllc.com,,Custom drone + sprayer application; Gteex Revolution drone dealer; western SD,pyroagllc.com,https://agdronedirectory.com/operators/pyro-ag-services-llc,new
Ranch & Row Aerial Ag LLC,,Jacksonville,FL,,,ranchandrowag.com,,FAA-compliant drone spraying & spreading; crops pastures timber; NE FL,Subagent,https://agdronedirectory.com/operators/ranch-row-aerial-ag-llc,new
Sheridan County Weed & Pest District,,Sheridan,WY,,,scweeds.com,,Aerial/drone treatment for invasive grasses; partners with Johnson & Campbell counties,Sheridan County WY weed list,https://agdronedirectory.com/operators/sheridan-county-weed-pest-district,new
Sky-Spray,,Cullman,AL,,,sky-spray.com,,Agriculture drone spraying service N Alabama; PO Box 2607 Cullman AL 35057,Google/DroneXL,https://agdronedirectory.com/operators/sky-spray-llc,existing
Skybusters Drone Services,,Decatur,IL,,,agriculturedronespraying.com,,Precision spraying/seeding/cover crop; insecticide/fungicide; central IL,Company site,https://agdronedirectory.com/operators/skybusters-drone-services,existing
Specialty Drone Solutions,,San Luis Obispo,CA,,,specialtydronesolutions.com,,FAA-certified drone pesticide spraying cover crop seeding spot treatment; vineyards/almond/citrus; SoCal,Google Maps CA | Web,https://agdronedirectory.com/operators/specialty-drone-solutions,existing
Spotters Aerial Ag,,Killdeer,ND,,,spottersaa.com,,Drone spray/seed all crops pastures orchards; dry spreading; $10-18/ac,Google Maps ND,https://agdronedirectory.com/operators/spotters-aerial-ag,existing
TJ Aerosense LLC,,Huron,SD,,,tjaerosense.com,,Certified DJI Agras dealer and spray drone solutions (Talos T60X orchard T100),tjaerosense.com,https://agdronedirectory.com/operators/tj-aerosense,existing
Top Gun Protection Services,,Wood County,WI,,,topgunprotectionservices.com,,Ag aerial crop spraying + spongy moth + cover crop & granular fertilizer,Company site,https://agdronedirectory.com/operators/top-gun-protection-services,existing
Triple F Flying,,Central PA/W NY,PA,,,triplefflying.com,,Aerial application since 1999 (manned + drone); crop spray fungicide insecticide dry fertilizer cover crop,Google,https://agdronedirectory.com/operators/triple-f-flying,new
Warren County Mosquito Control Commission,,Oxford,NJ,,,warrencountymosquito.com,,Public-agency UAS targeted larvicide application + breeding-ground mapping,Google,https://agdronedirectory.com/operators/warren-county-mosquito,existing
WI Ag Drone Services,,Wisconsin,WI,,,wiagdrone.com,,Crop spraying service: pest control weed management nutrient application,Company site,https://agdronedirectory.com/operators/wi-ag-drone-services,new
Wolverine Drone Services,,St. Clair/Sanilac County (Thumb),MI,,,wolverinedroneservices.com,,Drone spraying for ag/commercial/residential; DJI Agras T40 & T20P,Company site,https://agdronedirectory.com/operators/wolverine-drone-services-llc,existing
AeroAg Drone Services LLC,,,SD,,,aeroagdrone.com,,Precision ag application/crop health analysis/mapping/surveying; SD,Company site | Web,https://agdronedirectory.com/operators/aeroag-drone-services,existing
AeroCrop Ag Solutions,,,IA,,,aerocropag.com,,Drone pesticide/fertilizer application in Southeast Iowa; custom trailers,aerocropag.com,https://agdronedirectory.com/operators/aerocrop-ag-solutions,existing
Aeroseeder LLC,,,IA,,,aeroseeder.com,,Ag drone spraying (liquid) & spreading granular/cover crop; U30L-6 & U60,Google Maps IA,https://agdronedirectory.com/operators/aeroseeder-llc,new
AeroTract,,,OR,,,aerotractone.com,,Drone forestry pre-plant/release spraying + ag pesticide/herbicide/dry applications,Google Maps OR,https://agdronedirectory.com/operators/aerotract-llc,existing
AgFly,,,IL,,,agfly.co,,Ag drone spraying/seeding/aerial broadcasting; row crops/foodplots/marshland,Company site | Web,https://agdronedirectory.com/operators/agfly,existing
AgriFocus (AF Drone Solutions),,,IA,,,afdronesolutions.com,,Iowa-certified applicator + Part 107; DJI Agras T-series spraying; SE Iowa,Google Maps IA,https://agdronedirectory.com/operators/agrifocus-af-drone-solutions,new
Agronix,,,IA,,,agronix.us,,Custom drone spraying; AcreConnect/Rantizo mapping; ISU & Bayer field-tested,Google Maps IA | Web,https://agdronedirectory.com/operators/agronix,existing
Catahoula Custom Spraying LLC,,,TX,,,catahoulacustomspraying.com,,Aerial application & land management drone spraying in Texas,Subagent,https://agdronedirectory.com/operators/catahoula-custom-spraying-llc,new
Chesapeake Drone Ag,,,MD,,,chesapeakedroneag.com,,Drone chemical application (fungicide/insecticide/herbicide) seeding field mapping Mid-Atlantic,Google,https://agdronedirectory.com/operators/chesapeake-drone-ag,existing
Conservation Drone Services LLC,,,SC,,,conservationdroneservices.com,,Drone application herbicides insecticides fungicides + 100-lb spreader; forestry ponds duck impoundments,Google,https://agdronedirectory.com/operators/conservation-drone-services-sc,existing
CropCare Drone Services of NY,,,NY,,,cropcareny.com,,Agricultural drone spraying cover crops field scans; FAA 107/137 NYSDEC Cat 1A & 11,Google,https://agdronedirectory.com/operators/cropcare-drone-ny,existing
CropTech Solutions,,,PA,,,croptech.us,,Sells/services drones + drone crop spraying/seeding/mapping; 32ft swath 50-500 micron,Google Maps PA,https://agdronedirectory.com/operators/croptech-solutions,existing
Custom Drone Solutions Inc,,,MN,,,flycds.com,,EAVision J100 pesticide application,operator site/MN,https://agdronedirectory.com/operators/custom-drone-solutions-inc,existing
Dakota Ag,,,SD,,,dakota.ag,,Crop spraying + drone trailer support products; Hylio AgroSol control,dakota.ag,https://agdronedirectory.com/operators/dakota-ag-solutions,existing
Drone Crop Services,,,AR,,,dronecropservices.com/arkansas,,Aerial custom pesticide application spreading drone mapping across Arkansas,Subagent,https://agdronedirectory.com/operators/drone-crop-services-remnant-technologies,existing
Dynamic Cropping Systems,,,MN,,,dcsyields.com,,Drone spraying fertilizer/pesticide/herbicide; certified pilots,Company site,https://agdronedirectory.com/operators/dynamic-cropping-systems,existing
Eagle Eye Agriculture LLC,,,OH,,,eagle-eye-agriculture.com,,Liquid + granular drone application (cover crop fungicide); Part 107/137 OH license,Google Maps OH,https://agdronedirectory.com/operators/eagle-eye-agriculture-llc,existing
Elevated Aerial Services LLC,,,WI,,,ea-services.us,,GPS-guided ag spraying (pesticides/herbicides/fertilizers) + multispectral imaging,Company site,https://agdronedirectory.com/operators/elevated-aerial-services-llc,new
Elevated Ag Solutions,,,MN,,,elevatedagsolutions.com,,Precision drone seeding & spraying; MN/IA/WI/ND/SD/NE,Company site,https://agdronedirectory.com/operators/elevated-ag-solutions,existing
FloridaDroneSpraying,,,FL,,,floridadronespraying.com,,Drone-based precision ag spraying Central Florida; founded 2024,Google,https://agdronedirectory.com/operators/floridadronespraying,new
Flying Bison Agricultural Drones,,,CO,,,flyingbisonagdrones.com,,Precision ag drone spraying; Colorado + neighboring regions,Google Maps CO,https://agdronedirectory.com/operators/flying-bison-agricultural-drones,new
Flying Farmer LLC,,,NC,,,flyingfarmernc.com,,Farmer-owned Eastern NC ag drone co; verify active spray service,Subagent,https://agdronedirectory.com/operators/flying-farmer-llc,new
Frontier Cooperative (Precision Ag drone),,,NE,,,frontiercooperative.com,,Co-op drone spraying; $400 min; $16.50/ac row crop $20/ac pasture,frontiercooperative.com,https://agdronedirectory.com/operators/frontier-cooperative,existing
Green Again Drone Spraying,,,KS,,,greenagaindronespraying.com,,Custom aerial application and crop treatments for Kansas farmers,Google Maps KS,https://agdronedirectory.com/operators/green-again-drone-spraying,existing
Heartland Drone Services LLC,,,KS,,,heartlanddroneks.com,,Aerial spraying aquatic habitat restoration pasture/rangeland mgmt,heartlanddroneks.com,https://agdronedirectory.com/operators/heartland-drone-services,existing
Heritage Drone Service,,,IN,,,heritagedroneservice.com,,Drone spraying aerial seeding consulting; Apex dealer; N Indiana + nationwide,Google Maps IN,https://agdronedirectory.com/operators/heritage-drone-service,existing
KADS.Tech (Kansas Agricultural Drone Services LLC),,,KS,,,kads.tech,,Ag spray drone service; precise pesticide/fertilizer application + data,Company site,https://agdronedirectory.com/operators/kansas-agricultural-drone-services-kads,existing
MachShots LLC,Seth & Jeff,Colquitt,GA,,,,Manta listing,Drone aerial application corn cotton peanuts wheat; SW GA counties,Manta.com,https://agdronedirectory.com/operators/machshots-llc,new
Mahler Enterprises LLC,,,TX,,,mahlerenterprisesllc.com/drone-spraying-texas,,Drone crop spraying vegetation mgmt invasive species aquatic; TDA licensed,Google,https://agdronedirectory.com/operators/mahler-enterprises,existing
Midwest Air,,,OH,,,midwestairdrones.com,,Crum Farm Supply division; custom fungicide spraying + cover crop spreading; DJI Agras reseller,Google Maps OH,https://agdronedirectory.com/operators/midwest-air-llc,existing
Midwest Drone Applications,,,KS,,,midwestdroneapps.com,,Drone spraying & seeding; DJI Agras T50/T100 Talos T60X; KS OK NE IA,Web,https://agdronedirectory.com/operators/midwest-drone-applications,existing
Minnesota Drone Spray,,,MN,,,minnesotadronespray.com,,Ag drone spraying of herbicides/fungicides/pesticides/fertilizer,minnesotadronespray.com,https://agdronedirectory.com/operators/minnesota-drone-spray,existing
Nexus Aerial Ag,,,IA,,,nexusaerialag.com,,Ag drone solutions serving IA/IL/MO,Google Maps IA,https://agdronedirectory.com/operators/nexus-aerial-ag,existing
North Carolina Ag Drones,,,NC,,,northcarolinaagdrones.com,,Ag drone sales + application services,Google Maps NC,https://agdronedirectory.com/operators/north-carolina-ag-drones,existing
Northern Drone Solutions,,,ND,,,northerndronesolutions.com,,Wet spray dry spread aerial seeding fungicide/herbicide; DJI Agras T50,Google Maps ND,https://agdronedirectory.com/operators/northern-drone-solutions,new
Outer Limits Drone Service,,,MT,,,outerlimitsdroneservice.com,,SW Montana drone crop spraying + construction surveying,Google Maps MT,https://agdronedirectory.com/operators/outer-limits-drone-service,existing
Pacific Ag Drones,,,CA,,,pacificagdrones.com,,FAA-certified drone spraying/seeding for vineyards orchards crops (organic & conventional),Google Maps CA | Web,https://agdronedirectory.com/operators/pacific-ag-drones,existing
Penguin Drones,,,WI,,,penguindrones.com,,Drone spraying & aerial seeding ag/forestry/aquatic/turf; S central WI (Dane Co.),Company site,https://agdronedirectory.com/operators/penguin-drones,new
Precision Agricultural Services (PASUAV),,,FL,,,pasuav.com,,Drone crop spraying for citrus turf strawberry nurseries; FAA-certified pilots,Google,https://agdronedirectory.com/operators/precision-agricultural-services-fl,existing
Precision Agridrone Solutions,,,IL,,,precisionagridrone.com,,Central IL family operator; crop spraying liquid/granular; FAA 107/137,Web | precisionagridrone.com,https://agdronedirectory.com/operators/precision-agridrone-solutions,existing
Precision AgSpray,,,MS,,,precision-agspray.com,,Drone spraying seeding scouting game recovery; North Mississippi,Google Maps MS,https://agdronedirectory.com/operators/precision-agspray,new
Rocoza Ag,,,IA,,,rocoza.com,,Ag spray drone services + sales; row crop fungicide at tassel,Google Maps IA,https://agdronedirectory.com/operators/rocoza-ag,existing
Soil Service Inc,,,MO,,,soilserviceinc.com,,Spray drone application across IA/IL/MO; owns drones & pilots; 2 gal/acre min,Company site,https://agdronedirectory.com/operators/soil-service-inc,existing
Southeast MN Spray Drones,,,MN,,,southeastmnspraydrones.com,,Agricultural spray drones in southeast Minnesota,web search,https://agdronedirectory.com/operators/southeast-mn-spray-drones,new
Southwest Drone Service,,,FL,,,southwestdroneservice.net,,Agricultural spraying South Florida; citrus sugarcane tomatoes avocados nursery,Google,https://agdronedirectory.com/operators/southwest-drone-service-fl,existing
Specialty Reforestation Inc,,,GA,,,specialtyreforestation.com,,Drone herbicide application for reforestation/forestry site prep across GA and FL,Google,https://agdronedirectory.com/operators/specialty-reforestation,existing
Spray Drone Solutions,,,IA,,,spraydronesolutions.com,,Custom drone spray operations IA/SD since 2021 (3x DJI T30),Company site,https://agdronedirectory.com/operators/spray-drone-solutions,existing
Sutable Aerial Solutions,,,OH,,,sutableaerialsolutions.com,,Drone spraying/spreading/seeding + imaging/mapping; FAA Part 137; N Ohio,Company site,https://agdronedirectory.com/operators/sutable-aerial-solutions,new
Tenacity Ag,,,IA,,,tenacityag.com,,XAG & DJI ag spray drone sales + farm demos/training; IA & MN,Google Maps IA,https://agdronedirectory.com/operators/tenacity-ag-frontier-precision,existing
Terraplex Ag,,,IA,,,iowaaerialapplicators.com,,Drone crop spraying and cover crop seeding; GTEEX Revolution dealer,44807 docket FAA-2024-0837 | iowaaerialapplicators.com,https://agdronedirectory.com/operators/terraplex-ag,existing
TexAg Drone Services,,,TX,,,texagdrone.com,,Spray drone applications + mapping/imagery; FAA certified + TDA licensed,Google,https://agdronedirectory.com/operators/texag-drone,existing
Tri-State Agri-Spray LLC,,,VA,,,tristateagrispray.com,,Drone crop spraying/fertilizing/pesticide/cover crop seeding; SW VA/E TN/E KY,Company site,https://agdronedirectory.com/operators/tri-state-agri-spray-llc,new
Virginia Ag Drones,,,VA,,,virginiaagdrones.com,,Drone crop spraying mapping NDVI fungicide/cover crops; custom ag drone trailers,Google Maps VA,https://agdronedirectory.com/operators/virginia-ag-drones,existing
Xtreme Ag Drones LLC,,,VA,,,xtremeagdrones.com,,Drone spray + dry spreading (cover crop/seed/fertilizer); turf/conservation; DJI T50,Company site,https://agdronedirectory.com/operators/xtreme-ag-drones-llc,new
Ag-Bee LLC,,,,,,ag-bee.com,,Drone crop spraying/treating + mapping,Google Maps,https://agdronedirectory.com/operators/ag-bee-llc,existing
Alpha Drones USA,,,,,,alphadronesusa.com,,Agriculture drone spray services herbicide/fungicide; DJI Agras T50/T40/T20; leasing,Web,https://agdronedirectory.com/operators/alpha-drones-usa,existing
M&P Aerial Application,Rob Lane,,NC,,,,YouTube: ASD Customer Spotlight,Drone spraying & spreading; wheat fungicide pasture herbicide; Moore County NC; veteran-owned,Subagent/ASD,https://agdronedirectory.com/operators/m-p-aerial-application,new
Swift Drone Technologies LLC,,,,,,swiftdronetechnologies.com,,Agricultural/farming drone spray services,44807 petition FAA-2024-2704,https://agdronedirectory.com/operators/swift-drone-technologies-llc,new
Aerial Ag Drone Services LLC,,Wyndmere,ND,,,,Facebook,Drone agricultural application,BBB/Facebook,https://agdronedirectory.com/operators/aerial-ag-drone-services-llc,new
Aerial Drone Solutions LLC,,Fowler,IL,,,,facebook.com/p/Aerial-Drone-Solutions-LLC-100088370272652,Midwest custom chemical & fertilizer drone applicator,Facebook,https://agdronedirectory.com/operators/aerial-drone-solutions-llc,new
Aerial Solution Services,,Dickinson,ND,,,,facebook.com/p/Aerial-Solution-Services-61571863077581,Drone-technology agricultural service,Facebook,https://agdronedirectory.com/operators/aerial-solution-services,new
Delta Agricultural Drone Services,,Delta area,UT,,,,facebook.com/p/Delta-Agricultural-Drone-Services-61560763604354,Agricultural drone application service,Subagent/Facebook,https://agdronedirectory.com/operators/delta-agricultural-drone-services,new
Elevate Drone Services LLC,,Huron,SD,,,,facebook.com/elevatedrone605,Drone services serving SD & western MN,Facebook,https://agdronedirectory.com/operators/elevate-drone-services-llc,new
Great Lakes Drone Solutions LLC,,Montague,MI,,,,facebook.com/61566740201951,Agricultural spray-drone application,44807 amendment FAA-2024-1546,https://agdronedirectory.com/operators/great-lakes-drone-solutions-llc,new
Green Field Drone LLC,,Brooksville,MS,,,,facebook.com/greenfielddronellc,Aerial application of agricultural chemicals + drone photo/video,Subagent/Facebook,https://agdronedirectory.com/operators/green-field-drone-llc,new
Scott's Ag Drone Services LLC,,Merrill,MI,,,,facebook.com/scottsagdroneservicesllc,Agricultural spray-drone application,44807 petition FAA-2024-2566,https://agdronedirectory.com/operators/scott-s-ag-drone-services-llc,new
Semo Drone Service LLC,,Poplar Bluff,MO,,,,facebook.com/people/Semo-Drone-Service-LLC/61550303605917,Pesticide/herbicide drone application; SE Missouri,Facebook,https://agdronedirectory.com/operators/semo-drone-service-llc,new
Williams Drone Application,,Albany,OR,,,,youtube.com/@WilliamsDroneApplication,Drone spraying & spreading across the Willamette Valley,YouTube,https://agdronedirectory.com/operators/williams-drone-application,new
Wisconsin Ag and Thermal Drone Services,,Montello,WI,,,,facebook.com/p/Wisconsin-Ag-and-Thermal-Drone-Services-61556348000799,Ag spraying & seeding with DJI T40; spongy moth canopy spraying for oak; thermal deer recovery,Facebook,https://agdronedirectory.com/operators/wisconsin-ag-and-thermal-drone-services,new
Aerial Ag Technologies,Kirk & Jacob Babcock,Battle Creek,MI,,,,,Drone crop spraying; DJI Agras; vineyards (5-10 ac/hr) tree fruit row crops; $150/hour,Good Fruit Grower,https://agdronedirectory.com/operators/aerial-ag-technologies,new
Ag Drone West,Timothy King,Choteau,MT,,,,,DJI T40 fully-autonomous drone spraying & cover-crop spreading; ~20 farmers,KRTV,https://agdronedirectory.com/operators/ag-drone-west,new
Airfield Ag,Hadley,Cache Valley,UT,,,,,Drone crop dusting for farmers across N Utah and E Idaho; ~20000 acres as of July 2024,East Idaho News,https://agdronedirectory.com/operators/airfield-ag,new
All American Aerial Applicators,Chris Podoll,Columbia,SD,,,,,Drone spraying & cover-crop seeding; 4-drone fleet (60L tanks); DJI/EAVision dealer,Aberdeen Insider,https://agdronedirectory.com/operators/all-american-aerial-applicators,new
Barker Research and Consulting LLC,Daniel Barker,Ames,IA,,,,,sUAV spray ops; Iowa commercial pesticide cert #53274,44807 petition FAA-2026-3041,https://agdronedirectory.com/operators/barker-research-and-consulting-llc,new
Cahoon Aerial Systems,David Cahoon,Helena area,MT,,,,,Weed-spraying drone service for ranchers/rangeland; near Gates of the Mountains,KTVH news,https://agdronedirectory.com/operators/cahoon-aerial-systems,existing
Carbon County Weed & Pest District,Reese Irvine,Rawlins,WY,,,,,Purchased spray drone; herbicide drone application beginning summer 2025,Carbon County WY weed list,https://agdronedirectory.com/operators/carbon-county-weed-pest-district,new
Crop Innovations LLC,Levi Taylor,Ypsilanti,ND,,,,,Commercial ag UAS spraying over 55 lb under FAA Exemption 22003 terms; 4828 95th Ave SE,44807 petition FAA-2026-3787,https://agdronedirectory.com/operators/crop-innovations-llc,new
Empire Drone Co (Volatus Drones),Sean Falconer/John McGraw,Fulton,NY,,,,,FAA Part 137 (Jan 2020) drone crop spraying ~24 ac/hr; founded 2018,DroneLife/GovTech,https://agdronedirectory.com/operators/empire-drone-co-volatus-drones,new
Farmers Choice MT,James Gelormino,Sidney,MT,,,,,Drone spraying pastures/cropland; ~7500 acres in 2024; DJI T-40 ~400 ac/day; municipal mosquito,Minot Daily News,https://agdronedirectory.com/operators/farmers-choice-mt,new
Field Fly Drone Applications LLC,Kevin Nisly (filer),Omaha,AR,,,,,UAS ag spray; Exemption 23639,44807 grant FAA-2025-0397,https://agdronedirectory.com/operators/field-fly-drone-applications-llc,new
G.S. Long Company,Jeff Allen,Union Gap,WA,,,,,Ag drone services incl spraying + beneficial insect release; Yakima/Wenatchee/Hood River,Basin Business Journal,https://agdronedirectory.com/operators/g-s-long-company,existing
Hall Ag Services,Avery & Chase Hall,Paynesville,MO,,,,,Custom drone fungicide/aerial application across NE Missouri; four DJI drones two crews,Farm Progress/Missouri Ruralist,https://agdronedirectory.com/operators/hall-ag-services,existing
Hein Ranch Co. (FlyingAg),Martin Hein,Visalia,CA,,,,,Drone spraying almonds walnuts pistachios grapes citrus avocados; beneficial insect & pheromone release,Fruit Growers News,https://agdronedirectory.com/operators/hein-ranch-co-flyingag,new
Hipoint Drones LLC,Kevin Nisly (filer),Copeland,KS,,,,,UAS ag spray; Exemption 25059,44807 grant FAA-2025-4114,https://agdronedirectory.com/operators/hipoint-drones-llc,new
Hubele Agridrone,Brenden Hubele,Weiser,ID,,,,,Drone crop dusting (pesticide/herbicide) in Treasure Valley,BoiseDev,https://agdronedirectory.com/operators/hubele-agridrone,existing
Infinity Precision Ag,Andy Kreikemeier,Plymouth,NE,,,,,Custom drone application SE Nebraska; Hylio drones swarm; fungicide/insecticide,AgWeb article,https://agdronedirectory.com/operators/infinity-precision-ag,existing
Jacob Krause (drone applicator),Jacob Krause,Waseca,MN,,,,,Commercial ag UAS ops; individual operator,44807 petition FAA-2026-3936,https://agdronedirectory.com/operators/jacob-krause-drone-applicator,new
John Dieball,John Dieball,Henderson,MN,,,,,DJI T-20 custom drone fungicide spray + cover-crop seeding,AgWeek/Brownfield,https://agdronedirectory.com/operators/john-dieball,new
L&R Ag LLC,,,IL,,,,facebook.com/LnRAgllc,Precision aerial drone crop protection/nutrient mgmt/custom applications/cover crop seeding; S & central IL,Facebook,https://agdronedirectory.com/operators/l-r-ag-llc,existing
M&L Land and Wildlife LLC,Jake Fletcher,Bruington,VA,,,,,Drone spraying + land/wildlife management; VA Dept of Forestry consultant,ssentinel VA,https://agdronedirectory.com/operators/m-l-land-and-wildlife-llc,new
Old Dominion Aerial,Connor Bradley,Mechanicsville,VA,,,,,Drone fungicide/fertilizer spraying; 3 drones (75 ac/hr); works with M&L Land and Wildlife,ssentinel VA,https://agdronedirectory.com/operators/old-dominion-aerial,new
On Point Application Group LLC,Thelen,Battle Creek,MI,,,,,Field-border insecticide spot spraying water hemp broadcast fungicide; XAG P140; first 2 licensed MI applicators (2021),AgWeb,https://agdronedirectory.com/operators/on-point-application-group-llc,new
Palmetto Ag Spray,Zane Clardy & Legette Flowers,Providence,SC,,,,,Drone spraying forestry & specialty applications; corn/peanuts/cotton; founded 2023,Agri Spray Drones blog,https://agdronedirectory.com/operators/palmetto-ag-spray,new
Poynter Aerial Ag,Noah Poynter,Bainbridge,IN,,,,,Custom fungicide spraying; two DJI Agras T40 ~500 ac/day at 40+ ac/hr,Farm Progress/AgriNews,https://agdronedirectory.com/operators/poynter-aerial-ag,new
R&D Drone Spraying LLC,Derek Brown,Mount Solon,VA,,,,,FAA Part 137 ag aircraft operator; DJI Agras T40 fungicide/herbicide/insecticide; 44807 petition,regulations.gov,https://agdronedirectory.com/operators/r-d-drone-spraying-llc,new
Republic Drone Applications LLC,Kelly J. Neubecker,Palmer,TX,,,,,UAS ag spray; Exemption 23636,44807 grant FAA-2025-0292,https://agdronedirectory.com/operators/republic-drone-applications-llc,new
RiehlWay Ag,Matthew Riehl/Ephraim Riehl/David Stoltzfus,New Holland,PA,,,,,Custom drone spraying (DJI T50) + cover crop interseeding; ~10000 ac in 2025; FAA Part 107 & 137,American Agriculturist,https://agdronedirectory.com/operators/riehlway-ag,new
Skytech,Josh & Dustin LeBeouf,Kaplan,LA,,,,,Drone rice spraying/aerial application; treated 400-500 ac rice for SW Louisiana growers,Farm Progress,https://agdronedirectory.com/operators/skytech,new
SkyView Ag Services,Taylor Newsome,Moultrie,GA,,,,,Part 107 + 44807 + Part 137; pesticide/fertilizer spraying aquatic mgmt crop mapping; DJI Smart Farm,MzeroA article,https://agdronedirectory.com/operators/skyview-ag-services,new
SoLa Drones,Bruce & Jack Bosworth,Scott,LA,,,,,Ag spray drone service founded 2023; sugarcane/rice/soybeans; DMR Field Ranger X50,The Advocate,https://agdronedirectory.com/operators/sola-drones-la,existing
Southern Ag Drone Solutions,Hunter Burks & Jacob Tribble,Halls,TN,,,,,Launched 2023; DJI Agras T30; fungicides insecticides herbicides foliar feed; fertilizer spreading,Subagent/Farm Progress,https://agdronedirectory.com/operators/southern-ag-drone-solutions,new
Southern Drone Applications LLC,Dustin Dill,Winnfield,LA,,,,,UAS agricultural spray 55lb+; Exemption 24920,44807 grant FAA-2025-2643,https://agdronedirectory.com/operators/southern-drone-applications-llc,new
Strubbe Drone Spraying LLC,Isaac Strubbe,Cass County,IL,,,,,Precision chemical application; DJI dealer; FAA 107/137 + IL aerial license,DroneXL | Journal-Courier/DroneXL,https://agdronedirectory.com/operators/strubbe-drone-spraying-llc,existing
Sublime Pest Pros,Jay Franklin,Finger Lakes region,NY,,,,,NYSDEC certified pesticide applicator Cat 11 12+ yrs; aerial drone pesticide application,Google/flythefarmdrones,https://agdronedirectory.com/operators/sublime-pest-pros,new
SweetWater Technologies,Chad Gripp,Wyanet,IL,,,,,Drone spray applications; ~200000 ac by 2025; 25 drones DJI T-40 + EAVision J100; franchising,Farm Progress | Farm Progress 2025,https://agdronedirectory.com/operators/sweetwater-technologies,new
T&C Grains LLC,Justin Kruitoff,Kent City,MI,,,,,Commercial ag UAS spraying over 55 lb under FAA Exemption 22003 terms; 3980 18 Mile Rd,44807 petition FAA-2026-3905,https://agdronedirectory.com/operators/t-c-grains-llc,new
Thrive Spray Drone Service,Silas Steiner,Wenona,IL,,,,,DJI XAG P150 (18.5-gal liquid/150-lb dry hopper; up to 55 acres/hr); herbicide/fungicide/insecticide/fertilizer + cover crop spreading,Shaw Local | Shaw Local Aug 2025,https://agdronedirectory.com/operators/thrive-spray-drone-service,new
Western Wings Drone Service,Jake Masters,Dayton,WY,,,,,Drone crop spraying; contracts with Simplot in Big Horn Basin,Sheridan Press,https://agdronedirectory.com/operators/western-wings-drone-service-llc,existing
Bill Micke Drone Service,Bill Micke,,KY,,,,,Graves County KY; RTK-guided drone spraying corn fungicide; multispectral prescription zones,Kentucky New Era,https://agdronedirectory.com/operators/bill-micke-drone-service,new
Biosphere Drone Solutions,Jorden Kuntz,,IA,,,,,Drones in row-crop agriculture; spray and mapping,UMN Extension 2025,https://agdronedirectory.com/operators/biosphere-drone-solutions,new
Clark Ag LLC,Wade Clark,,ID,,,,,Drone spraying potatoes/grain/alfalfa/corn; spreads seed/bugs/compost; E Idaho; $300 min/$10-20/ac,Ag Proud article,https://agdronedirectory.com/operators/clark-ag-llc,existing
Ference Agronomy LLC,Brad,,NE,,,,,Drone application fertilizer/pesticides/cover crop; cedar & invasive species on pasture; 3500+ acres,NE PSC grant record,https://agdronedirectory.com/operators/ference-agronomy,existing
Midwest Drone Applicators,Jarrod Lindemann,,ND,,,,,Unmanned (drone) aerial applicator,ND Aeronautics 2025 list,https://agdronedirectory.com/operators/midwest-drone-applicators,new
Nick Herbig Precision Drone Application,Nick Herbig,,NE,,,,,Custom drone spraying expanding from ground-rig business; NE PSC grant recipient,NE PSC grant doc,https://agdronedirectory.com/operators/nick-herbig-precision-drone-application,new
Spinks Aerial Spraying Solutions,Ronny & Trey Spinks,,KY,,,,,Drone fungicide/aerial spraying; UK corn fungicide research trials,Subagent/UK Extension,https://agdronedirectory.com/operators/spinks-aerial-spraying-solutions,new
West Ky Aerial Spraying,Clay Harper & Mike Wicker,,KY,,,,,Ballard County KY; cover crop interseeding row-crop crop protection waterfowl millet,KyFoodandFarm,https://agdronedirectory.com/operators/west-ky-aerial-spraying,new
3D Drone Service LLC,,Nicollet,MN,,,,,UAS 55lb+ ag spray and dry spreading,44807 petition FAA-2026-3107,https://agdronedirectory.com/operators/3d-drone-service-llc,new
4 R Generation LLC,,Hampstead,MD,,,,,VLOS and limited BVLOS ag spray plus granular,44807 petition FAA-2026-2475,https://agdronedirectory.com/operators/4-r-generation-llc,new
Ag Flyers LLC,,Powell,WY,,,,,Aerial and drone spraying service working with chemical suppliers,Google Maps WY,https://agdronedirectory.com/operators/ag-flyers-llc,new
Allen Aerial LLC,,DeKalb,IL,,,,,VLOS and limited BVLOS ag spray; 14580 IL Rt 38,44807 petition FAA-2026-1818,https://agdronedirectory.com/operators/allen-aerial-llc,new
Drone Dusters LLC,Garrett D. Kriete,,,,,,,UAS ag spray; Exemption 25017,44807 grant FAA-2025-4148,https://agdronedirectory.com/operators/drone-dusters-llc,new
DroneOculuar LLC,,Kenedy,TX,,,,,UAS ag spray; Exemption 23453,44807 grant FAA-2024-1591,https://agdronedirectory.com/operators/droneoculuar-llc,new
Ewe Graze LLC,,Buena Vista,VA,,,,,UAS 55lb+ ag spray + granular; vegetation/noxious weed control,44807 petition FAA-2026-0959,https://agdronedirectory.com/operators/ewe-graze-llc,new
Falken Drone Services LLC,,Benson,AZ,,,,,VLOS and limited BVLOS ag spray,44807 petition FAA-2026-0039,https://agdronedirectory.com/operators/falken-drone-services-llc,new
FieldWing Precision,,North Ogden,UT,,,,,Drone pesticide/fungicide spraying + aerial cover crop seeding (orchards pasture rangeland),Subagent,https://agdronedirectory.com/operators/fieldwing-precision,existing
G Five Cattle Company LLC,Lucheo Tombini,,,,,,,UAS ag spray; Exemption 25200,44807 grant FAA-2025-5338,https://agdronedirectory.com/operators/g-five-cattle-company-llc,new
Geerdes Spraying LLC,,Everly,IA,,,,,Commercial agricultural UAS spraying under 14 CFR Part 137; petition via NuWay Ag (AFS-26-02014-E),44807 petition FAA-2026-2737,https://agdronedirectory.com/operators/geerdes-spraying-llc,new
Gillette Farms,,Lubbock,TX,,,,,Part 137 ag UAS pesticide application; DJI Agras T40,44807 docket FAA-2023-0731,https://agdronedirectory.com/operators/gillette-farms,new
Green Creek Drones,,Effingham,IL,,,,,Spray drone custom aerial application + sales/training/parts,Effingham County Chamber,https://agdronedirectory.com/operators/green-creek-drones,existing
Ian Parker,Ian Parker,,,,,,,UAS ag spray 55lb+,44807 grant FAA-2025-2280,https://agdronedirectory.com/operators/ian-parker,new
Insight Ag Services LLC,,Morris,MN,,,,,Over-55lb UAS ag spraying VLOS and limited BVLOS; modeled on Drone Crop Services Exemption 20365B; 26312 500th Ave,44807 petition FAA-2026-1948,https://agdronedirectory.com/operators/insight-ag-services-llc,new
Lostine Drone Recovery LLC,,St. Louis,MO,,,,,Commercial agricultural UAS operations under Part 137,44807 petition FAA-2026-2462,https://agdronedirectory.com/operators/lostine-drone-recovery-llc,new
Mid Coast Drone Solutions LLC,,Victoria,TX,,,,,VLOS and limited BVLOS ag aircraft ops; 4190 FM 1685,44807 petition FAA-2026-3847,https://agdronedirectory.com/operators/mid-coast-drone-solutions-llc,new
Olsen Farms Drone Services LLC,,Minden,IA,,,,,Commercial ag UAS ops under Part 137; 32738 Tamarack Rd,44807 petition FAA-2026-2464,https://agdronedirectory.com/operators/olsen-farms-drone-services-llc,new
Pyka Inc,,Oakland,CA,,,,,Pelican fixed-wing UAS ag spray BVLOS; Exemption 20445A,Fed Register FAA-2021-0649,https://agdronedirectory.com/operators/pyka-inc,new
Rensing Ag Solutions LLC,,Damiansville,IL,,,,,Ag UAS spraying modeled on Veteran Drone Services Exemption 20257A; 6500 Albers Rd PO Box 269,44807 petition FAA-2024-2203,https://agdronedirectory.com/operators/rensing-ag-solutions-llc,new
Rotor Technologies Inc,,Nashua,NH,,,,,Large rotor-wing UAS ag spray (R550),Fed Register FAA-2025-1174,https://agdronedirectory.com/operators/rotor-technologies,existing
S&S Airways-Drone LLC,,Comfrey,MN,,,,,Agricultural aerial application with spray drones,44807 grant FAA-2025-4459,https://agdronedirectory.com/operators/s-s-airways-drone-llc,new
Top Drone LLC,Steven William Bare,,,,,,,UAS ag spray; Exemption 25421,44807 grant FAA-2025-5642,https://agdronedirectory.com/operators/top-drone-llc,new
Triple B Drone Services LLC,,Montevideo,MN,,,,,UAS 55lb+ spray herbicides/fungicides/pesticides + granular fertilizer/lime/seed,44807 petition FAA-2026-3730,https://agdronedirectory.com/operators/triple-b-drone-services-llc,new
Zap Drone Services LLC,Jose Aguilar,,,,,,,sub-55lb UAS ag spray,44807 grant FAA-2025-2030,https://agdronedirectory.com/operators/zap-drone-services-llc,new
American Upland Ag,,,MO,,,,,American-made ag drones; crop spraying pesticides/herbicides/fungicides + granular spreading,Missouri Grown listing,https://agdronedirectory.com/operators/american-upland-ag,new
Arc Drone Solutions LLC,,,MN,,,,,UAS ag spray; Exemption 24298,44807 grant FAA-2025-1142,https://agdronedirectory.com/operators/arc-drone-solutions,existing
Country Partners Cooperative (drone),,,NE,,,,,Co-op drone spraying; DJI T40 fleet; NE PSC Precision Ag Grant recipient,NE PSC drone business plan,https://agdronedirectory.com/operators/country-partners-cooperative-drone,new
Lytle Drone Applications LLC,,,ND,,,,,Unmanned (drone) aerial applicator,ND Aeronautics 2025 list,https://agdronedirectory.com/operators/lytle-drone-applications-llc,new
Mintzmyer Agronomy Services LLC,,,NE,,,,,XAG scouting & application drones,Nebraska PSC Precision Ag grant,https://agdronedirectory.com/operators/mintzmyer-agronomy-services-llc,new
Precision Drone Applications of Wisconsin LLC,,,WI,,,,,UAS ag spray,44807 grant FAA-2025-2082,https://agdronedirectory.com/operators/precision-drone-applications-of-wisconsin-llc,new
Stekel Drone Services,,,WI,,,,,New WI drone application startup announced via Patriot/ASD dealer network,Google Maps WI,https://agdronedirectory.com/operators/stekel-drone-services,new
Twisted J Agricultural Drones,,,TX,,,,,Agricultural drone services,TX chamber listing,https://agdronedirectory.com/operators/twisted-j-agricultural-drones,existing
Walters Ag LLC,,,NE,,,,,DJI spray drone custom application,Nebraska PSC Precision Ag grant,https://agdronedirectory.com/operators/walters-ag-llc,new
Ziegler Ag Inc,,,NE,,,,,Drone integration (application),Nebraska PSC Precision Ag grant,https://agdronedirectory.com/operators/ziegler-ag-inc,existing
Aerial Crop Solutions LLC,,,,,,,,UAS ag spray; replaces Exemption 20596,44807 grant FAA-2023-0514,https://agdronedirectory.com/operators/aerial-crop-solutions-llc,new
Aerovision Drone LLC,,,,,,,,UAS ag spray; Exemption 24304,44807 grant FAA-2025-1128,https://agdronedirectory.com/operators/aerovision-drone,existing
Ag Drone Ops LLC,,,,,,,,UAS ag spray; Exemption 24533,44807 grant FAA-2025-1565,https://agdronedirectory.com/operators/ag-drone-ops-llc,new
Ag Pro Drone Service LLC,,,,,,,,UAS ag spray; Exemption 21365A,44807 grant FAA-2023-1870,https://agdronedirectory.com/operators/ag-pro-drone-service-llc,new
AgriCon Drone LLC,,,,,,,,Agricultural spray-drone Part 137 operation,44807 petition FAA-2025-2399,https://agdronedirectory.com/operators/agricon-drone-llc,new
Agronomics Drone Service LLC,,,,,,,,Agricultural spray-drone Part 137 operation,44807 petition FAA-2025-2059,https://agdronedirectory.com/operators/agronomics-drone-service-llc,new
Ashley's Spraying,,,,,,,,Commercial agricultural UAS spraying under 14 CFR Part 137,44807 petition FAA-2026-3012,https://agdronedirectory.com/operators/ashley-s-spraying,new
Booker Aviation Drone Services LLC,,,,,,,,Commercial agricultural UAS application (sub-55lb),44807 petition FAA-2024-0175,https://agdronedirectory.com/operators/booker-aviation-drone-services-llc,new
Brooks Drone Service LLC,,,,,,,,UAS ag spray,44807 FAA-2025-1970,https://agdronedirectory.com/operators/brooks-drone-service-llc,new
Coastal Spray,,,,,,,,Hylio AG-110/AG-122 custom spray applicator,Hylio case study,https://agdronedirectory.com/operators/coastal-spray,new
Drone Ag Services LLC,,,,,,,,UAS commercial ag operations (petition),44807 FAA-2025-1711,https://agdronedirectory.com/operators/drone-ag-services-llc,new
Drone Dogs LLC,,,,,,,,UAS ag spray,44807 grant FAA-2025-1040,https://agdronedirectory.com/operators/drone-dogs-llc,new
Drone Power1 LLC,,,,,,,,UAS agricultural (petition),Fed Register FAA-2024-2463,https://agdronedirectory.com/operators/drone-power1-llc,new
Drone-X Spray LLC,,,,,,,,UAS commercial ag operations (petition),44807 petition FAA-2025-2020,https://agdronedirectory.com/operators/drone-x-spray-llc,new
E. Trapp Spray Drones LLC,,,,,,,,Heavy 55lb+ ag spray-drone application,44807 petition FAA-2025-4247,https://agdronedirectory.com/operators/e-trapp-spray-drones-llc,new
Elevated Agriculture LLC,,,,,,,,Wide array of ag UAS application services; multi-drone single control point,44807 amendment FAA-2024-0100,https://agdronedirectory.com/operators/elevated-agriculture-llc,new
Flying Pig UAS LLC,,,,,,,,UAS ag spray,44807 grant FAA-2025-2639,https://agdronedirectory.com/operators/flying-pig-uas-llc,new
Galaxy Unmanned Systems LLC,,,,,,,,UAS agricultural (petition),Fed Register FAA-2024-11377,https://agdronedirectory.com/operators/galaxy-unmanned-systems-llc,new
Hilltop Elderberries LLC,,,,,,,,Commercial ag drone application (sub-55lb),44807 petition FAA-2024-0175,https://agdronedirectory.com/operators/hilltop-elderberries-llc,new
J.D Drones LLC,,,,,,,,UAS ag spray,44807 grant FAA-2025-0057,https://agdronedirectory.com/operators/j-d-drones-llc,new
Klemp Seed,,,,,,,,sub-55lb UAS agricultural,44807 grant FAA-2025-0443,https://agdronedirectory.com/operators/klemp-seed,new
L&M Road Services LLC,,,,,,,,UAS ag from moving vehicle; amend Exemption 21546B,Fed Register FAA-2020-0470,https://agdronedirectory.com/operators/l-m-road-services-llc,new
Mayes Drone Operations LLC,,,,,,,,UAS ag spray; Exemption 23646,44807 grant FAA-2025-0417,https://agdronedirectory.com/operators/mayes-drone-operations-llc,new
Monday Consulting & Contractor LLC (BluSky Ag),,,,,,,,UAS ag spray (petition),44807 petition FAA-2025-4942,https://agdronedirectory.com/operators/monday-consulting-contractor-llc-blusky-ag,new
Precision Drone Spraying,,,,,,,,UAS ag spray,44807 grant FAA-2025-1176,https://agdronedirectory.com/operators/precision-drone-spraying,new
SkyDrone Specialists LLC,,,,,,,,UAS ag spray,44807 FAA-2025-2525,https://agdronedirectory.com/operators/skydrone-specialists-llc,new
Specialty Drone Services,,,,,,,,UAS ag spray,44807 FAA-2025-2152,https://agdronedirectory.com/operators/specialty-drone-services,new
Top Gun Sprayer Drones LLC,,,,,,,,UAS ag spray,44807 grant FAA-2023-1230,https://agdronedirectory.com/operators/top-gun-sprayer-drones-llc,new
Veteran Drone Services LLC,,,,,,,,Foundational UAS ag exemption holder (Exemption 20257B),44807 grant FAA-2023-0901,https://agdronedirectory.com/operators/veteran-drone-services-llc,new
